{
  "shattered_car_window.png": [
    {
      "label": "car",
      "score": 0.5870963931083679,
      "box": [
        75.87,
        10.39,
        584.14,
        467.6
      ]
    },
    {
      "label": "car",
      "score": 0.39015212655067444,
      "box": [
        0.17,
        3.05,
        318.02,
        141.02
      ]
    }
  ]
}